<?xml version="1.0" encoding="UTF-8"?>
<SolverDefinition	xmlns="www.iric.net/SolverDefinition/1.0"
					name="RRI"
					caption="RRI v1.4.2.2 on iRIC"
					version="1.4.2.230309"
					copyright="Takahiro Sayama modified by RiverLINK Co., Ltd.,  Mitsui Consultants Co., Ltd."
					release="2023.1.31"
					homepage="http://i-ric.org"
					executable="go.bat"
					iterationtype="time"
					gridtype="structured2d">

<CalculationCondition>

  <!-- 
  ***** Options *****
  -->

  <Tab name="options" caption="Base Conditions">
    <!-- <Label caption="RRI_Input_Format_Ver1_4_2 for iRIC" align="right"/> -->
    <Item name="run_type" caption="RunType" >
      <Definition valueType="integer" default="0">
        <Enumeration value="0" caption="Make Geographic Condition Only" />
        <!-- <Enumeration value="1" caption="Make Geographic Condition and Run" /> -->
        <Enumeration value="2" caption="Run Only" />
      </Definition>
    </Item>

    <!--<GroupBox caption="Base Parameters">
      <Item name="utm" caption="Coordinate System" >
        <Definition valueType="integer" default="0">
          <Enumeration value="0" caption="LatLon" />
          <Enumeration value="1" caption="UTM" />
        </Definition>
      </Item>
    
      <Item name="eight_dir" caption="Number for DIR Directions" >
        <Definition valueType="integer" default="1">
          <Enumeration value="0" caption="4" />
          <Enumeration value="1" caption="8" />
        </Definition>
      </Item>
    </GroupBox>-->

    <GroupBox caption="Geographic Data file">
      <Item name="demfile" caption="Dem File" >
        <Definition valueType="filename" default="./topo/elv_export.asc">
        </Definition>
      </Item>

      <Item name="accfile" caption="Acc File" >
        <Definition valueType="filename" default="./topo/upg_export.asc">
        </Definition>
      </Item>

      <Item name="dirfile" caption="Dir File" >
        <Definition valueType="filename" default="./topo/dir_export.asc">
        </Definition>
      </Item>
    </GroupBox>

    <GroupBox caption="River Shape Parameters">
      <GridLayout withSpacer="true">
        <Label row="0" col="0" caption="Width : Cw, Sw"/>
        <Item row="0" col="1" name="width_param_c">
          <Definition valueType="real" default="5.0">
          </Definition>
        </Item>
       
        <Item row="0" col="2" name="width_param_s" caption="width_param_s" >
          <Definition valueType="real" default="0.35">
          </Definition>
        </Item>

        <Label row="1" col="0" caption="Depth : Cd, Sd" />
        <Item row="1" col="1" name="depth_param_c" caption="depth_param_c" >
          <Definition valueType="real" default="0.95">
          </Definition>
        </Item>
        <Item row="1" col="2" name="depth_param_s" caption="depth_param_s" >
          <Definition valueType="real" default="0.2">
          </Definition>
        </Item>

        <Label row="2" col="0" caption="Height : Height, Limit" />
        <Item row="2" col="1" name="height_param" caption="height_param" >
          <Definition valueType="real" default="2.0">
          </Definition>
        </Item>
        <Item row="2" col="2" name="height_limit_param" caption="height_limit_param" >
          <Definition valueType="integer" default="1000"  max ="100000">
          </Definition>
        </Item>
        
      </GridLayout>
    </GroupBox>
   
  </Tab>

  <!--<Tab name="rain_data" caption="Rain and Evaporation">-->
  <Tab name="rain_data" caption="Rain">
    

    <GroupBox caption="Rain">
      <Item name="rainfile" caption="Rain File" >
        <Definition valueType="filename" default="./rain/rain.dat">
        </Definition>
      </Item>
      <Item row="0" col="0" name="xllcorner_rain" caption="xllcorner_rain" >
        <Definition valueType="real" default="140">
        </Definition>
      </Item>
      <Item row="0" col="1" name="yllcorner_rain" caption="yllcorner_rain" >
        <Definition valueType="real" default="39">
        </Definition>
      </Item>
      <Item row="1" col="0" name="cellsize_rain_x" caption="cellsize_rain_x" >
        <Definition valueType="real" default="0.0125">
        </Definition>
      </Item>
      <Item row="1" col="1" name="cellsize_rain_y" caption="cellsize_rain_y" >
        <Definition valueType="real" default="0.00833333">
        </Definition>
      </Item>
    </GroupBox>

    <!--<GroupBox caption="Evaporation">
      <Item name="evaporation_rate" caption="Evaporation Rate[mm/h]" >
        <Definition valueType="real" default="0.0">
        </Definition>
      </Item>
    </GroupBox>-->
  </Tab>
  

 <!--
  ***** Time Contorol Parameters *****
  --> 
  
  <Tab name="time_ctrl" caption="Time Control">
    <Item name="lasth" caption="Simulation Time[hour]" >
      <Definition valueType="integer" default="12" max ="1000000">
      </Definition>
    </Item>

    <Item name="dt" caption="Time Step for Slope Simulation[sec]" >
      <Definition valueType="integer" default="600"  max ="3600">
      </Definition>
    </Item>

    <Item name="dt_riv" caption="Time Step for River Simulation[sec]" >
      <Definition valueType="integer" default="60"  max="3600">
      </Definition>
    </Item>

    <Item name="outnum" caption="Number for Output Times(without Initial)" >
      <Definition valueType="integer" default="13"  max ="10000">
      </Definition>
    </Item>
  </Tab>

  <!--
  ***** River Simulation Parameters *****
  -->
  <Tab name="river_sim" caption="River Simulation Parameters">
    <Item name="ns_river" caption="Manning Roughness for River Region" >
      <Definition valueType="real" default="0.03">
      </Definition>
    </Item>
    <Item name="riv_thresh" caption="threshold of flow accumulation" >
      <Definition valueType="integer" default="100"  max ="100000">
      </Definition>
    </Item>
  </Tab>

  <!--
  ***** Slope Simulation Parameters *****
  -->
  <Tab name="slope_sim" caption="Slope Simulation Parameters">
    <GroupBox caption="Green-Ampt infiltration model parameters">
      <GridLayout>
        <Label row="0" col="1" caption="Region 1" align="center"/>
        <Label row="0" col="2" caption="Region 2" align="center" />
        <Label row="0" col="3" caption="Region 3" align="center" />
        <Label row="0" col="4" caption="Region 4" align="center" />
        <Label row="0" col="5" caption="Region 5" align="center" />

        <Label row="0" col="0" caption="" />
        <Label row="1" col="0" caption="Diff or Kinematic" />
        <Label row="2" col="0" caption="Manning Roughness for Slope" />
        <Label row="3" col="0" caption="soildepth[m]" />
        <Label row="4" col="0" caption="Porosity [-]" />

        
        <Item row="1" col="1" name="dif_1">
          <Definition valueType="integer" default="1">
            <Enumeration value="0" caption="Kinematic" />
            <Enumeration value="1" caption="Diffusion"/>
          </Definition>
        </Item>
        <Item row="2" col="1" name="ns_slope_1">
          <Definition valueType="real" default="1.0" />
        </Item>
        <Item row="3" col="1" name="soildepth_1">
          <Definition valueType="real" default="1.0" />
        </Item>
        <Item row="4" col="1" name="gammaa_1">
          <Definition valueType="real" default="0.471" />
        </Item>

        
        <Item row="1" col="2" name="dif_2">
          <Definition valueType="integer" default="1">
            <Enumeration value="0" caption="Kinematic" />
            <Enumeration value="1" caption="Diffusion"/>
          </Definition>
        </Item>
        <Item row="2" col="2" name="ns_slope_2">
          <Definition valueType="real" default="0.4" />
        </Item>
        <Item row="3" col="2" name="soildepth_2">
          <Definition valueType="real" default="1.0" />
        </Item>
        <Item row="4" col="2" name="gammaa_2">
          <Definition valueType="real" default="0.471" />
        </Item>

        <Item row="1" col="3" name="dif_3">
          <Definition valueType="integer" default="1">
            <Enumeration value="0" caption="Kinematic" />
            <Enumeration value="1" caption="Diffusion"/>
          </Definition>
        </Item>
        <Item row="2" col="3" name="ns_slope_3">
          <Definition valueType="real" default="0.6" />
        </Item>
        <Item row="3" col="3" name="soildepth_3">
          <Definition valueType="real" default="1.0" />
        </Item>
        <Item row="4" col="3" name="gammaa_3">
          <Definition valueType="real" default="0.471" />
        </Item>
        
        <Item row="1" col="4" name="dif_4">
          <Definition valueType="integer" default="1">
            <Enumeration value="0" caption="Kinematic" />
            <Enumeration value="1" caption="Diffusion"/>
          </Definition>
        </Item>
        <Item row="2" col="4" name="ns_slope_4">
          <Definition valueType="real" default="0.2" />
        </Item>
        <Item row="3" col="4" name="soildepth_4">
          <Definition valueType="real" default="1.0" />
        </Item>
        <Item row="4" col="4" name="gammaa_4">
          <Definition valueType="real" default="0.471" />
        </Item>

        <Item row="1" col="5" name="dif_5">
          <Definition valueType="integer" default="1">
            <Enumeration value="0" caption="Kinematic" />
            <Enumeration value="1" caption="Diffusion"/>
          </Definition>
        </Item>
        <Item row="2" col="5" name="ns_slope_5">
          <Definition valueType="real" default="0.1" />
        </Item>
        <Item row="3" col="5" name="soildepth_5">
          <Definition valueType="real" default="1.0" />
        </Item>
        <Item row="4" col="5" name="gammaa_5">
          <Definition valueType="real" default="0.471" />
        </Item>


      </GridLayout>
    </GroupBox>

    <GroupBox caption="Green-Ampt infiltration model parameters">
      <GridLayout>
        
        
        <Label row="1" col="0" caption="ksv[m/s]                   " />
        <Label row="2" col="0" caption="Sf[m]" />

        <Item row="1" col="1" name="ksv_1">
          <Definition valueType="real" default="5.560e-7" />
        </Item>
        <Item row="2" col="1" name="faif_1">
          <Definition valueType="real" default="0.273" />
        </Item>

        <Item row="1" col="2" name="ksv_2">
          <Definition valueType="real" default="5.560e-7" />
        </Item>
        <Item row="2" col="2" name="faif_2">
          <Definition valueType="real" default="0.273" />
        </Item>

        <Item row="1" col="3" name="ksv_3">
          <Definition valueType="real" default="0.0" />
        </Item>
        <Item row="2" col="3" name="faif_3">
          <Definition valueType="real" default="0.0" />
        </Item>
        
        
        <Item row="1" col="4" name="ksv_4">
          <Definition valueType="real" default="0.0" />
        </Item>
        <Item row="2" col="4" name="faif_4">
          <Definition valueType="real" default="0.0" />
        </Item>

        <Item row="1" col="5" name="ksv_5">
          <Definition valueType="real" default="5.560e-7" />
        </Item>
        <Item row="2" col="5" name="faif_5">
          <Definition valueType="real" default="0.273" />
        </Item>
          
      </GridLayout>
    </GroupBox>

    <GroupBox caption="lateral subsurface and surface model parameters">
      <GridLayout>
        <Label row="1" col="0" caption="ka[m/s]" />
        <Label row="2" col="0" caption="Unsat. porosity [-]        " />
        <Label row="3" col="0" caption="beta" />

        <!--type1-->
        <Item row="1" col="1" name="ka_1">
          <Definition valueType="real" default="0.0" />
        </Item>
        <Item row="2" col="1" name="gammam_1">
          <Definition valueType="real" default="0.0" />
        </Item>
        <Item row="3" col="1" name="beta_1">
          <Definition valueType="real" default="4.0" />
        </Item>

        <!--type2--> 
        <Item row="1" col="2" name="ka_2" caption="ka[m/s]">
          <Definition valueType="real" default="0.0" />
        </Item>
        <Item row="2" col="2" name="gammam_2" caption="Unsat. porosity [-]">
          <Definition valueType="real" default="0.0" />
        </Item>
        <Item row="3" col="2" name="beta_2" caption="beta">
          <Definition valueType="real" default="4.0" />
        </Item>

        <!--type3-->
        <Item row="1" col="3" name="ka_3" caption="ka[m/s]">
          <Definition valueType="real" default="0.1" />
        </Item>
        <Item row="2" col="3" name="gammam_3" caption="Unsat. porosity [-]">
          <Definition valueType="real" default="0.0" />
        </Item>
        <Item row="3" col="3" name="beta_3" caption="beta">
          <Definition valueType="real" default="4.0" />
        </Item>

        <!--type4-->
        <Item row="1" col="4" name="ka_4" caption="ka[m/s]">
          <Definition valueType="real" default="0.0" />
        </Item>
        <Item row="2" col="4" name="gammam_4" caption="Unsat. porosity [-]">
          <Definition valueType="real" default="0.0" />
        </Item>
        <Item row="3" col="4" name="beta_4" caption="beta">
          <Definition valueType="real" default="4.0" />
        </Item>

        <!--type5-->
        <Item row="1" col="5" name="ka_5" caption="ka[m/s]">
          <Definition valueType="real" default="0.0" />
        </Item>
        <Item row="2" col="5" name="gammam_5" caption="Unsat. porosity [-]">
          <Definition valueType="real" default="0.0" />
        </Item>
        <Item row="3" col="5" name="beta_5" caption="beta">
          <Definition valueType="real" default="4.0" />
        </Item>
        
      </GridLayout>
    </GroupBox>
  </Tab>

  <!--
  ***** initial condition for hotstart *****
  -->
  <Tab name="initial_files" caption="Initial Condition for Hotstart">
    <GroupBox caption="Settings">
      <GridLayout>
        <Label row="0" col="0" caption="initfile_slo" />
        <Item  row="0" col="1" name="initfile_slo" >
          <Definition valueType="filename" default="./init/hs_init_dummy.out">
            <Condition type="isEqual" target="init_slo_switch" value="1"/>
          </Definition>
        </Item>
        <Item row="0" col="2" name="init_slo_switch">
          <Definition valueType="integer" default="0">
            <Enumeration value="0" caption="No" />
            <Enumeration value="1" caption="Yes" />
          </Definition>
        </Item>

        <Label row="1" col="0" caption="initfile_riv" />
        <Item  row="1" col="1" name="initfile_riv" >
          <Definition valueType="filename" default="./init/hr_init_dummy.out">
            <Condition type="isEqual" target="init_riv_switch" value="1"/>
          </Definition>
        </Item>
        <Item row="1" col="2" name="init_riv_switch">
          <Definition valueType="integer" default="0">
            <Enumeration value="0" caption="No" />
            <Enumeration value="1" caption="Yes" />
          </Definition>
        </Item>

        <Label row="2" col="0" caption="initfile_gw" />
        <Item  row="2" col="1" name="initfile_gw" >
          <Definition valueType="filename" default="./init/hg_init_dummy.out">
            <Condition type="isEqual" target="init_gw_switch" value="1"/>
          </Definition>
        </Item>
        <Item row="2" col="2" name="init_gw_switch">
          <Definition valueType="integer" default="0">
            <Enumeration value="0" caption="No" />
            <Enumeration value="1" caption="Yes" />
          </Definition>
        </Item>

        <Label row="3" col="0" caption="initfile_gampt_ff" />
        <Item  row="3" col="1" name="initfile_gampt_ff" >
          <Definition valueType="filename" default="./init/gamptff_init_dummy.out">
            <Condition type="isEqual" target="init_gampt_ff_switch" value="1"/>
          </Definition>
        </Item>
        <Item row="3" col="2" name="init_gampt_ff_switch">
          <Definition valueType="integer" default="0">
            <Enumeration value="0" caption="No" />
            <Enumeration value="1" caption="Yes" />
          </Definition>
        </Item>


      </GridLayout>
    </GroupBox>
  </Tab>
    
  <!--
  ***** outputfiles *****
  -->
  <Tab name="output_files" caption="Output asc File format">
    <GroupBox caption="Settings">
      <GridLayout>
        <Label row="0" col="0" caption="outfile_hs" />
        <Item  row="0" col="1" name="outfile_hs" >
          <Definition valueType="filename" default="hs_">
            <Condition type="isEqual" target="outswitch_hs" value="1"/>
          </Definition>
        </Item>
        <Item row="0" col="2" name="outswitch_hs">
          <Definition valueType="integer" default="0">
            <Enumeration value="0" caption="No" />
            <Enumeration value="1" caption="Yes" />
          </Definition>
        </Item>

        <Label row="1" col="0" caption="outfile_hr" />
        <Item  row="1" col="1" name="outfile_hr" >
          <Definition valueType="filename" default="hr_">
            <Condition type="isEqual" target="outswitch_hr" value="1"/>
          </Definition>
        </Item>
        <Item row="1" col="2" name="outswitch_hr">
          <Definition valueType="integer" default="0">
            <Enumeration value="0" caption="No" />
            <Enumeration value="1" caption="Yes" />
          </Definition>
        </Item>

        <Label row="2" col="0" caption="outfile_hg" />
        <Item  row="2" col="1" name="outfile_hg" >
          <Definition valueType="filename" default="hg_">
            <Condition type="isEqual" target="outswitch_hg" value="1"/>
          </Definition>
        </Item>
        <Item row="2" col="2" name="outswitch_hg">
          <Definition valueType="integer" default="0">
            <Enumeration value="0" caption="No" />
            <Enumeration value="1" caption="Yes" />
          </Definition>
        </Item>

        <Label row="3" col="0" caption="outfile_qr" />
        <Item  row="3" col="1" name="outfile_qr" >
          <Definition valueType="filename" default="qr_">
            <Condition type="isEqual" target="outswitch_qr" value="1"/>
          </Definition>
        </Item>
        <Item row="3" col="2" name="outswitch_qr">
          <Definition valueType="integer" default="0">
            <Enumeration value="0" caption="No" />
            <Enumeration value="1" caption="Yes" />
          </Definition>
        </Item>

        <Label row="4" col="0" caption="outfile_qu" />
        <Item  row="4" col="1" name="outfile_qu" >
          <Definition valueType="filename" default="qu_">
            <Condition type="isEqual" target="outswitch_qu" value="1"/>
          </Definition>
        </Item>
        <Item row="4" col="2" name="outswitch_qu">
          <Definition valueType="integer" default="0">
            <Enumeration value="0" caption="No" />
            <Enumeration value="1" caption="Yes" />
          </Definition>
        </Item>

        <Label row="5" col="0" caption="outfile_qv" />
        <Item  row="5" col="1" name="outfile_qv" >
          <Definition valueType="filename" default="qv_">
            <Condition type="isEqual" target="outswitch_qv" value="1"/>
          </Definition>
        </Item>
        <Item row="5" col="2" name="outswitch_qv">
          <Definition valueType="integer" default="0">
            <Enumeration value="0" caption="No" />
            <Enumeration value="1" caption="Yes" />
          </Definition>
        </Item>

        <Label row="6" col="0" caption="outfile_gu" />
        <Item  row="6" col="1" name="outfile_gu" >
          <Definition valueType="filename" default="gu_">
            <Condition type="isEqual" target="outswitch_gu" value="1"/>
          </Definition>
        </Item>
        <Item row="6" col="2" name="outswitch_gu">
          <Definition valueType="integer" default="0">
            <Enumeration value="0" caption="No" />
            <Enumeration value="1" caption="Yes" />
          </Definition>
        </Item>

        <Label row="7" col="0" caption="outfile_gv" />
        <Item  row="7" col="1" name="outfile_gv" >
          <Definition valueType="filename" default="gv_">
            <Condition type="isEqual" target="outswitch_gv" value="1"/>
          </Definition>
        </Item>
        <Item row="7" col="2" name="outswitch_gv">
          <Definition valueType="integer" default="0">
            <Enumeration value="0" caption="No" />
            <Enumeration value="1" caption="Yes" />
          </Definition>
        </Item>

        <Label row="8" col="0" caption="outfile_gampt_ff" />
        <Item  row="8" col="1" name="outfile_gampt_ff" >
          <Definition valueType="filename" default="gampt_ff_">
            <Condition type="isEqual" target="outswitch_gampt_ff" value="1"/>
          </Definition>
        </Item>
        <Item row="8" col="2" name="outswitch_gampt_ff">
          <Definition valueType="integer" default="0">
            <Enumeration value="0" caption="No" />
            <Enumeration value="1" caption="Yes" />
          </Definition>
        </Item>

        <Label row="9" col="0" caption="outfile_storage" />
        <Item  row="9" col="1" name="outfile_storage" >
          <Definition valueType="filename" default="storage.dat">
            <Condition type="isEqual" target="outswitch_storage" value="1"/>
          </Definition>
        </Item>
        <Item row="9" col="2" name="outswitch_storage">
          <Definition valueType="integer" default="0">
            <Enumeration value="0" caption="No" />
            <Enumeration value="1" caption="Yes" />
          </Definition>
        </Item>
        
      </GridLayout>
    </GroupBox>
  </Tab>


</CalculationCondition>

  <GridRelatedCondition  keepOrder="true">
    <Item name="elevation_c" caption="Elevation [m]">
      <Definition position="cell" valueType="real" default="max" />
    </Item>
    <Item name="dir_c" caption="DIR">
      <Definition position="cell" valueType="integer" default="0" />
    </Item>
    <Item name="acc_c" caption="ACC">
      <Definition position="cell" valueType="integer" default="0" />
    </Item>
    <Item name="width_c" caption="Width[m]">
      <Definition position="cell" valueType="real" default="0"/>
    </Item>
    <Item name="depth_c" caption="Depth[m]">
      <Definition position="cell" valueType="real" default="0"/>
    </Item>
    <Item name="height_c" caption="Height[m]">
      <Definition position="cell" valueType="real" default="0"/>
    </Item>
    <Item name="landuse_c" caption="Land Use Type">
      <Definition  position="cell" valueType="integer" default="1">
        <Enumeration value="1" caption="Region 1"/>
        <Enumeration value="2" caption="Region 2" />
        <Enumeration value="3" caption="Region 3"/>
        <Enumeration value="4" caption="Region 4"/>
        <Enumeration value="5" caption="Region 5"/>
      </Definition>
    </Item>
    <Item name="rain_c" caption="Rain[mm/h]: Data Check Only">
      <Definition position="cell" valueType="real" default="0">
        <Dimension name="Time" caption="Time" valueType="real"/>
      </Definition>
    </Item>
    <!--<Item name="evaporation_c" caption="Evaporation[mm/h]">
      <Definition position="cell" valueType="real" default="max" />
    </Item>-->

  </GridRelatedCondition>

  <BoundaryCondition name="dam" caption="Dam" position="cell">
    <Item name="name" caption="Name">
      <Definition valueType="string" default="Dam Name" />
    </Item>
    <Item name="dam_volmax" caption="Storage Volume[m3]">
      <Definition valueType="real" default="66000000" />
    </Item>
    <Item name="dam_floodq" caption="Constant Discharge[m3/s]">
      <Definition valueType="real" default="20" />
    </Item>
  </BoundaryCondition>
  
  <BoundaryCondition name="bound_qr" caption="Time Series for River Discharge at point" position="cell">   
    <Item name="qr_bound" caption="qr[m3/s]">
      <Definition conditionType="functional">
        <Parameter name="t_qr" valueType="real" caption="Time"/>
        <Value name="qr" valueType="real" caption="qr[m3/s]"/>
      </Definition>
    </Item>
  </BoundaryCondition>

   <BoundaryCondition name="bound_hr" caption="Time Series for River Depth at point" position="cell">
    <Item name="hr_bound" caption="hr[m]">
      <Definition conditionType="functional">
        <Parameter name="t_hr" valueType="real" caption="Time"/>
        <Value name="hr" valueType="real" caption="hr[m]"/>
      </Definition>
    </Item>
  </BoundaryCondition>

  <BoundaryCondition name="bound_qs" caption="Time Series for Slope Discharge at point" position="cell">
    <Item name="qs_bound" caption="qs[m3/s]">
      <Definition conditionType="functional">
        <Parameter name="t_qs" valueType="real" caption="Time"/>
        <Value name="qs" valueType="real" caption="qs[m3/s]"/>
      </Definition>
    </Item>
  </BoundaryCondition>

  <BoundaryCondition name="bound_hs" caption="Time Series for Slope Depth at point" position="cell">
    <Item name="hs_bound" caption="hs[m]">
      <Definition conditionType="functional">
        <Parameter name="t_hs" valueType="integer" caption="Time"/>
        <Value  name="hs" valueType="real" caption="hs[m]"/>
      </Definition>
    </Item>
  </BoundaryCondition>

  <BoundaryCondition name="div" caption="DivSet" position="cell">
    <Item name="div_dest_i" caption="div_dest_i">
      <Definition valueType="integer" default="1" max="10000">
      </Definition>
    </Item>
    <Item name="div_dest_j" caption="div_dest_j">
      <Definition valueType="integer" default="1" max="10000">
      </Definition>
    </Item>
    <Item name="div_rate" caption="div_rate">
      <Definition valueType="real" default="0.5">
      </Definition>
    </Item>
  </BoundaryCondition>

</SolverDefinition>